Company,Industry,Location,Address,Rate,Phone,Website
"Echelon Consulting, L.L.C.",Computer Software Developers,"Chicago, IL","10 S La Salle St Ste 2320, Chicago, IL",A+,****-****-4231,echelonconsulting.com
Catalyst Consulting Group,Computer Software Developers,"Chicago, IL","211 W Wacker Dr # 450, Chicago, IL",A+,****-****-0750,catalystconsultinggroup.com
Crowdlytics,Tech-Enabled/Software,"Chicago, IL","N/A, Chicago, IL",A,****-****-3456,crowdlytics.com
Cassetica Software,Software Development,"Chicago, IL","22 W Washington St Ste 1500, Chicago, IL",B+,****-****-8719,cassetica.com
Devbridge,Software Development,"Chicago, IL","N/A, Chicago, IL",A,****-****-1000,devbridge.com
RiseKit,Software Development,"Chicago, IL","1639 West Walnut Street â€¢ Suite 2, Chicago, IL",B+,****-****-2345,risekit.co
VoloMetrix,"Software, Analytics","Chicago, IL","N/A, Chicago, IL",A-,****-****-7890,volometrix.com
TechFlow Solutions,Cloud Computing,"New York, NY","350 5th Ave, New York, NY",A+,****-****-1111,techflowsolutions.com
DataVision Analytics,Data Analytics,"San Francisco, CA","101 California St, San Francisco, CA",A,****-****-2222,datavisionanalytics.com
CloudSync Inc.,Cloud Computing,"Austin, TX","500 W 2nd St, Austin, TX",B+,****-****-3333,cloudsync.com
InnovateLab,Software Development,"Boston, MA","1 Boston Place, Boston, MA",A-,****-****-4444,innovatelab.com
FinTech Pro,Financial Technology,"New York, NY","200 Park Ave, New York, NY",A+,****-****-5555,fintechpro.com
HealthTech Solutions,Healthcare Technology,"Seattle, WA","400 Dexter Ave N, Seattle, WA",A,****-****-6666,healthtechsolutions.com
GreenEnergy Corp,Energy & Utilities,"Denver, CO","1601 Wazee St, Denver, CO",B+,****-****-7777,greenenergycorp.com
RetailMax Systems,Retail Technology,"Los Angeles, CA","633 W 5th St, Los Angeles, CA",A-,****-****-8888,retailmaxsystems.com
